FILE_PATH,TCGA_CODE,CHUNK_NO,SUBCHUNK_NO,FILE_NAME,NUM_CORRECTLY_INPUT_MUTATIONS,INVALID_SYNTAX,NUM_INVALID_SYNTAX,UNRECOGNIZED_GENE_SYMBOLS,NUM_UNRECOGNIZED_GENE_SYMBOLS,UNRECOGNIZED_PROTEIN_RESIDUES,NUM_UNRECOGNIZED_PROTEIN_RESIDUES,DUPLICATES,NUM_DUPLICATES,OUTSIDE_OF_STRUCTURAL_DOMAIN,NUM_OUTSIDE_OF_STRUCTURAL_DOMAIN,ELASPIC_URL,UPLOADED_STATUS,DOWNLOADED_STATUS,TOTAL_NUM_UPLOADED_ENTRY,NUM_LINES,MUTATIONS_DONE,NUM_MUTATIONS_DONE,MUTATIONS_ERROR,NUM_MUTATIONS_ERROR,MUTATIONS_RUNNING,NUM_MUTATIONS_RUNNING
SNV_COAD_Chunk_56_100.txt,COAD,56,100,SNV_COAD_Chunk_56_100.txt,5,,0,,0,,0,,0,"['O75414.R162H', 'Q9UPA5.S1122F', 'A6H8M9.S756N', 'Q8NDT2.E694K', 'A8MYZ5.R3C']",5,http://elaspic.kimlab.org/result/d4f39ad5/,1,1,10,10,"['A8MTL0.R29H', 'O43818.A287D', 'P47897.A344V', 'Q16877.A427V', 'Q16877.I245T']",5,[],0,[],0
SNV_COAD_Chunk_56_1.txt,COAD,56,1,SNV_COAD_Chunk_56_1.txt,6,,0,,0,,0,,0,"['P35443.P476S', 'Q9H0E9.A531G', 'Q7LBC6.R1065C', 'Q99075.D158G']",4,http://elaspic.kimlab.org/result/46da841a/,1,1,10,10,"['O14511.R325W', 'P20936.R194H', 'P20936.R194H', 'P20936.R194H', 'P20936.R194H', 'P20936.R194H', 'P20936.R194H', 'P20936.R194H', 'P20936.R194H', 'P20936.R194H', 'P20936.R194H', 'P20936.R194H', 'P20936.R194H', 'P20936.R194H', 'P20936.R194H', 'P20936.R194H', 'P20936.R194H', 'P20936.R194H', 'P20936.R194H', 'P20936.R194H', 'P20936.R194H', 'Q6PIY7.E413D', 'Q9UN75.A573T', 'Q9Y5H6.A207V']",24,['Q9H6Y2.E76V'],1,[],0
SNV_COAD_Chunk_56_15.txt,COAD,56,15,SNV_COAD_Chunk_56_15.txt,5,,0,,0,,0,,0,"['Q96KN9.A359D', 'Q9UK05.R141M', 'Q7Z5H3.H568Y', 'Q6ZS81.A2932V', 'Q7RTY1.M188I']",5,http://elaspic.kimlab.org/result/5dbb7869/,1,1,10,10,"['P09917.V285M', 'P31942.I225T', 'Q6ZS81.V2665M', 'Q8N9B8.I445T']",4,['Q13617.S536G'],1,[],0
SNV_COAD_Chunk_56_16.txt,COAD,56,16,SNV_COAD_Chunk_56_16.txt,4,,0,,0,,0,,0,"['Q8NFU7.K2079N', 'Q9H987.V327I', 'Q8TDM6.E431K', 'Q9H8L6.R792W', 'Q8N655.P699L', 'O75093.G1139V']",6,http://elaspic.kimlab.org/result/3ddf78c7/,1,1,10,10,"['P61457.S94G', 'Q8IWL2.A217T', 'Q9UHM6.R287Q']",3,[],0,[],0
SNV_COAD_Chunk_56_10.txt,COAD,56,10,SNV_COAD_Chunk_56_10.txt,5,,0,,0,,0,,0,"['P28328.W197R', 'Q8N8Y2.T101M', 'Q86WI1.I1767L', 'Q4LEZ3.A152V', 'Q96HR3.R35H']",5,http://elaspic.kimlab.org/result/c953650f/,1,1,10,10,"['Q8N573.Y753D', 'Q8NA75.C266Y', 'Q8NFJ8.R266H', 'Q86SE5.A73V', 'Q13118.R450C']",5,[],0,[],0
SNV_COAD_Chunk_56_11.txt,COAD,56,11,SNV_COAD_Chunk_56_11.txt,6,,0,,0,,0,,0,"['Q15149.R2586W', 'Q8NDA8.L900R', 'Q9Y581.A86T', 'Q5H8C1.Q1320K']",4,http://elaspic.kimlab.org/result/1796f068/,1,1,10,10,"['O60518.T457I', 'O95786.T359M', 'Q8TCX5.G190R', 'Q02763.G542R', 'Q05397.R666Q', 'Q05397.R666Q', 'Q14137.G425D']",7,[],0,[],0
SNV_COAD_Chunk_56_12.txt,COAD,56,12,SNV_COAD_Chunk_56_12.txt,4,,0,,0,,0,,0,"['O75953.R205H', 'Q8TEQ8.R615W', 'Q7L5A3.R504C', 'P20594.A460V', 'Q99932.P324H', 'Q96RL7.G1337D']",6,http://elaspic.kimlab.org/result/48ede85a/,1,1,10,10,"['P07902.V189A', 'Q5JTW2.F45L', 'Q9H6R4.R247C', 'Q9UK96.R717W']",4,[],0,[],0
SNV_COAD_Chunk_56_2.txt,COAD,56,2,SNV_COAD_Chunk_56_2.txt,4,,0,,0,,0,,0,"['Q9Y5I0.G746W', 'O15303.H539Y', 'Q66K14.Q66K', 'Q6IEG0.M249I', 'Q92833.E800G', 'Q6UXA7.R126H']",6,http://elaspic.kimlab.org/result/c3449f8e/,1,1,10,10,"['O75094.R181C', 'Q9BY11.E131K', 'Q9H4E7.R236C', 'Q9Y5E2.N418S']",4,[],0,[],0
SNV_COAD_Chunk_56_21.txt,COAD,56,21,SNV_COAD_Chunk_56_21.txt,2,,0,,0,,0,,0,"['Q8NGL3.M138I', 'Q24JP5.S648L', 'Q1KMD3.R197W', 'Q8IZ40.G215R', 'P31948.A464V', 'A6NKF1.R382C', 'Q9H6A9.V662M', 'Q8NEC5.D68N']",8,http://elaspic.kimlab.org/result/0794cc07/,1,1,10,10,"['P08195.R303H', 'Q96FS4.V265M']",2,[],0,[],0
SNV_COAD_Chunk_56_25.txt,COAD,56,25,SNV_COAD_Chunk_56_25.txt,5,,0,,0,,0,,0,"['Q6UX01.R43C', 'P08729.R302Q', 'Q8NGE3.R132C', 'P23743.S604G', 'Q9UIF9.R1040Q']",5,http://elaspic.kimlab.org/result/fb0ecd7c/,1,1,10,10,"['P09017.R208H', 'Q7Z5W3.C109Y', 'Q9UQD0.R1904H']",3,[],0,['P78348.G264D'],1
SNV_COAD_Chunk_56_26.txt,COAD,56,26,SNV_COAD_Chunk_56_26.txt,2,,0,,0,,0,,0,"['P56192.T188I', 'Q3ZCN5.P1707H', 'Q8N394.R29H', 'Q5K130.A16T', 'Q6ZV73.P456H', 'O75691.T2482I', 'Q8NEU8.A136T', 'Q8WYL5.G949R']",8,http://elaspic.kimlab.org/result/ad7d876e/,1,1,10,10,"['O60285.R54H', 'O60285.R54H', 'Q96NU7.A148T']",3,[],0,[],0
SNV_COAD_Chunk_56_13.txt,COAD,56,13,SNV_COAD_Chunk_56_13.txt,6,,0,,0,,0,,0,"['Q8IZ41.S370Y', 'Q9P1Z9.R1401C', 'O43474.H416Y', 'Q99811.R170H']",4,http://elaspic.kimlab.org/result/e4bf5876/,1,1,10,10,"['Q5T9C9.L332P', 'Q8NHU6.P931H', 'Q9Y3A0.D164N', 'Q96JM2.M2093V', 'Q92633.R114Q']",5,[],0,[],0
SNV_COAD_Chunk_56_28.txt,COAD,56,28,SNV_COAD_Chunk_56_28.txt,6,,0,,0,,0,,0,"['Q8NFP9.V130E', 'A3KMH1.R1836Q', 'O14917.V728I', 'Q9HC56.V834I']",4,http://elaspic.kimlab.org/result/b1cf4e99/,1,1,10,10,"['P78396.L272M', 'Q5TBB1.E47D', 'Q9BQC6.M51V', 'Q9H4S2.R177C', 'Q9H361.V15M', 'Q9Y217.L293F']",6,[],0,[],0
SNV_COAD_Chunk_56_3.txt,COAD,56,3,SNV_COAD_Chunk_56_3.txt,3,,0,,0,,0,,0,"['Q6AI39.S623P', 'Q5T601.F12L', 'O75626.M41T', 'Q9Y4K1.K400E', 'Q5T5X7.S384R', 'Q92558.D50Y', 'Q86VW1.T565M']",7,http://elaspic.kimlab.org/result/1798beb8/,1,1,10,10,"['O60281.N579K', 'Q8NFP4.G104S', 'Q9UJT0.T95M']",3,[],0,[],0
SNV_COAD_Chunk_56_30.txt,COAD,56,30,SNV_COAD_Chunk_56_30.txt,4,,0,,0,,0,,0,"['Q8NEL9.R596W', 'Q68DK2.M1681V', 'P49768.R27H', 'P49753.R16G', 'Q6PJG2.R571W', 'P49750.R1400W']",6,http://elaspic.kimlab.org/result/4dd73037/,1,1,10,10,"['P11277.A1741V', 'P54652.A55T', 'P54652.A540T', 'Q15743.R222C']",4,[],0,[],0
SNV_COAD_Chunk_56_31.txt,COAD,56,31,SNV_COAD_Chunk_56_31.txt,3,,0,['A0JP26;Q6S5H4.G99C'],1,,0,,0,"['Q8TB24.P16L', 'A6NKG5.A920V', 'Q14204.R3191Q', 'P07900.A710S', 'Q03169.V46I', 'Q86Y26.P174S']",6,http://elaspic.kimlab.org/result/b5b80093/,1,1,10,10,"['P05154.L287P', 'Q9P203.R213M', 'Q14204.R4123Q']",3,[],0,[],0
SNV_COAD_Chunk_56_32.txt,COAD,56,32,SNV_COAD_Chunk_56_32.txt,3,,0,,0,,0,,0,"['Q8IWV7.L593S', 'Q96JI7.M392I', 'P0CAP2.A213T', 'P09493.R160C', 'O15014.G767V', 'O75339.G830V', 'Q7Z401.F1105L']",7,http://elaspic.kimlab.org/result/23955515/,1,1,10,10,"['P35555.R1469C', 'P84022.L340P', 'P84022.L340P', 'P84022.L340P', 'P84022.L340P', 'P84022.L340P', 'P84022.L340P', 'P84022.L340P', 'Q9BVQ7.A626V']",9,[],0,[],0
SNV_COAD_Chunk_56_33.txt,COAD,56,33,SNV_COAD_Chunk_56_33.txt,5,,0,,0,,0,,0,"['Q02241.R806C', 'Q04726.R194K', 'Q9Y3Q4.R828Q', 'Q9H792.A306D', 'Q96FE5.A560T']",5,http://elaspic.kimlab.org/result/b28b0f46/,1,1,10,10,"['Q9BRR6.F122S', 'Q9Y3Q4.V686M', 'Q04726.A111T', 'Q04726.S664L', 'Q92859.D623G']",5,[],0,[],0
SNV_COAD_Chunk_56_35.txt,COAD,56,35,SNV_COAD_Chunk_56_35.txt,4,,0,,0,,0,,0,"['Q99758.Q858R', 'Q9UQ35.E1107D', 'Q2QL34.A153T', 'P35749.A1865V', 'P33527.A932T', 'Q12789.T636M']",6,http://elaspic.kimlab.org/result/aa04c4ba/,1,1,10,10,"['Q8IWE4.L200M', 'Q99758.G1452R']",2,[],0,['P20702.G873S'],1
SNV_COAD_Chunk_56_14.txt,COAD,56,14,SNV_COAD_Chunk_56_14.txt,7,,0,,0,,0,,0,"['Q5VWN6.R577Q', 'P33176.M543I', 'Q8TEW0.A706V']",3,http://elaspic.kimlab.org/result/7ed9347b/,1,1,10,10,"['P00519.T1036A', 'P48426.R129H', 'P49903.R362H', 'Q5JRX3.S368F', 'Q9BZE3.K234N', 'Q9Y2E4.V1057I']",6,['P62424.K185N'],1,[],0
SNV_COAD_Chunk_56_38.txt,COAD,56,38,SNV_COAD_Chunk_56_38.txt,2,,0,,0,,0,,0,"['Q8TE02.T120I', 'Q96JN8.N1236I', 'Q15027.R16C', 'O15054.P54H', 'Q02846.S298N', 'O15067.V817M', 'Q6WCQ1.T512A', 'Q7Z5J4.P394S']",8,http://elaspic.kimlab.org/result/e42c7a2b/,1,1,10,10,"['A6NNS2.D214N', 'P45985.P326L']",2,[],0,[],0
SNV_COAD_Chunk_56_39.txt,COAD,56,39,SNV_COAD_Chunk_56_39.txt,1,,0,,0,['Q13085.I803T'],1,,0,"['Q6ZVM7.R499Q', 'Q96R06.P265T', 'Q8WU58.P433T', 'Q9NYH9.R74H', 'P63010.T613M', 'A8MV24.P41L', 'Q9UD71.E49G', 'P04626.R688Q']",8,http://elaspic.kimlab.org/result/7a0db412/,1,1,10,10,['Q7Z3Y7.D395A'],1,[],0,[],0
SNV_COAD_Chunk_56_17.txt,COAD,56,17,SNV_COAD_Chunk_56_17.txt,4,,0,,0,,0,,0,"['Q9GZV1.G111R', 'Q96JB6.P701S', 'Q9NQW1.Y686C', 'Q8IX21.T620I', 'Q5T2E6.P321L', 'Q14690.R1530Q']",6,http://elaspic.kimlab.org/result/8b8a9049/,1,1,10,10,"['P05093.H120Y', 'P05093.R449C', 'Q00653.G784R']",3,[],0,[],0
SNV_COAD_Chunk_56_18.txt,COAD,56,18,SNV_COAD_Chunk_56_18.txt,5,,0,,0,,0,,0,"['Q9H8K7.R12H', 'Q8N119.R33C', 'P16455.R206W', 'Q76NI1.A719V', 'Q76NI1.R1027Q']",5,http://elaspic.kimlab.org/result/3ee06872/,1,1,10,10,"['Q9ULC5.E509K', 'Q9Y2H2.V406I', 'Q86VF7.V46M', 'Q14185.A1569S', 'Q14185.E1542K']",5,[],0,[],0
SNV_COAD_Chunk_56_41.txt,COAD,56,41,SNV_COAD_Chunk_56_41.txt,2,,0,,0,,0,,0,"['Q92624.R260C', 'O94911.R1088H', 'Q8N139.T345A', 'P51688.A482T', 'Q8N122.G94D', 'Q8N122.R997C', 'Q9UPN4.R928C', 'Q6P988.D55G']",8,http://elaspic.kimlab.org/result/f5281338/,1,1,10,10,"['P10253.V778M', 'P12821.P1228S']",2,[],0,[],0
SNV_COAD_Chunk_56_42.txt,COAD,56,42,SNV_COAD_Chunk_56_42.txt,1,,0,,0,,0,,0,"['Q9UHQ1.D26Y', 'P25391.L2105S', 'Q9Y4B5.R1654C', 'Q9C091.R330W', 'Q9C091.L1900R', 'Q16787.R786S', 'Q9C0F0.A1937T', 'O43310.N220S', 'P31152.R545C']",9,http://elaspic.kimlab.org/result/14f09e18/,1,1,10,10,['Q67FW5.N28D'],1,[],0,[],0
SNV_COAD_Chunk_56_19.txt,COAD,56,19,SNV_COAD_Chunk_56_19.txt,2,,0,,0,,0,,0,"['P13164.P20L', 'P51787.R237M', 'Q9Y5P0.A7V', 'Q96RD2.L224I', 'P17405.L73S', 'O75526.R307H', 'Q9UBP4.R318H', 'Q6IQ23.R358W']",8,http://elaspic.kimlab.org/result/2c881d2e/,1,1,10,10,['Q8NGJ9.W195R'],1,[],0,[],0
SNV_COAD_Chunk_56_20.txt,COAD,56,20,SNV_COAD_Chunk_56_20.txt,4,,0,,0,,0,,0,"['Q8IVL1.S702Y', 'Q96HJ3.A245P', 'P59894.Q30H', 'Q6MZQ0.S261G', 'Q9C0C7.L560M', 'Q14896.R335C']",6,http://elaspic.kimlab.org/result/b0b1b3a6/,1,1,10,10,"['P11117.R181Q', 'Q9BXB1.D162G', 'Q9BXB1.T198A', 'Q13133.R253H']",4,[],0,[],0
SNV_COAD_Chunk_56_22.txt,COAD,56,22,SNV_COAD_Chunk_56_22.txt,2,,0,,0,"['Q9UPX8.A205D', 'Q6PF15.P317S']",2,,0,"['Q4AC94.R1779H', 'Q96HW7.R739Q', 'Q9UQC2.P358S', 'Q9NPH5.V118M', 'Q6NUJ2.R36C', 'Q03164.R1764H']",6,http://elaspic.kimlab.org/result/b3907745/,1,1,10,10,"['Q8IV01.R236W', 'Q13402.A822T']",2,[],0,[],0
SNV_COAD_Chunk_56_23.txt,COAD,56,23,SNV_COAD_Chunk_56_23.txt,4,,0,,0,,0,,0,"['Q9H172.S340I', 'Q8NGN6.L149R', 'Q9UPX0.A23T', 'P42695.R1436Q', 'Q9UPP2.Q888H', 'Q9BSW2.A555V']",6,http://elaspic.kimlab.org/result/0d2178eb/,1,1,10,10,"['Q8TE58.P818H', 'Q14982.K175N', 'Q16099.A162T']",3,[],0,[],0
SNV_COAD_Chunk_56_24.txt,COAD,56,24,SNV_COAD_Chunk_56_24.txt,5,,0,,0,,0,,0,"['Q9NYW3.R214Q', 'Q9NZD1.P195L', 'Q9NVM9.D438N', 'P12272.R133H', 'O15397.L1025I']",5,http://elaspic.kimlab.org/result/61013321/,1,1,10,10,"['A8K2U0.T523I', 'P04628.S138L', 'Q5S007.R1199Q', 'Q9GZV9.T119M', 'Q9GZV9.T119M', 'Q9GZV9.T119M', 'Q9GZV9.T119M', 'Q9GZV9.T119M', 'Q9GZV9.T119M', 'Q9GZV9.T119M', 'Q9GZV9.T119M', 'Q9GZV9.T119M', 'Q9GZV9.T119M', 'Q9GZV9.T119M', 'Q9GZV9.T119M', 'Q9GZV9.T119M', 'Q9GZV9.T119M', 'Q9GZV9.T119M', 'Q9GZV9.T119M', 'Q9GZV9.T119M', 'Q9GZV9.T119M', 'Q9GZV9.T119M', 'Q9GZV9.T119M', 'Q9GZV9.T119M', 'Q9GZV9.T119M', 'Q9GZV9.T119M', 'Q9GZV9.T119M', 'Q9GZV9.T119M', 'Q9GZV9.T119M', 'Q9GZV9.T119M', 'Q9GZV9.T119M', 'Q9GZV9.T119M', 'Q9GZV9.T119M', 'Q9GZV9.T119M', 'Q9GZV9.T119M']",35,['P46087.T319P'],1,[],0
SNV_COAD_Chunk_56_27.txt,COAD,56,27,SNV_COAD_Chunk_56_27.txt,3,,0,,0,['Q96L91.V1674I'],1,,0,"['Q8IW41.R427W', 'Q96DY2.R380Q', 'Q6ZP65.R129L', 'Q92616.D935G', 'Q6EBC2.E43K', 'Q08378.R1080W']",6,http://elaspic.kimlab.org/result/f4e88c9d/,1,1,10,10,"['P13051.A214T', 'Q8WTV0.Y94H']",2,['Q8IVF4.A3356T'],1,[],0
SNV_COAD_Chunk_56_48.txt,COAD,56,48,SNV_COAD_Chunk_56_48.txt,5,,0,,0,['A6NKQ9.V102M'],1,,0,"['Q86V59.A324T', 'Q8N7U7.P130L', 'P18858.R222C', 'Q8N9Z0.R457C']",4,http://elaspic.kimlab.org/result/7cda2e69/,1,1,10,10,"['O15399.D728N', 'O94892.S264T', 'Q2M2I3.R229W', 'Q9GZN6.V327A', 'Q86YD1.R105C']",5,[],0,[],0
SNV_COAD_Chunk_56_49.txt,COAD,56,49,SNV_COAD_Chunk_56_49.txt,3,,0,,0,,0,,0,"['P05129.S326P', 'Q8WWY3.R377H', 'A6NC51.S225F', 'Q08ER8.E90A', 'Q8N687.E131K', 'Q9NVA1.T103M', 'Q86X10.R1459W']",7,http://elaspic.kimlab.org/result/9daa8d8b/,1,1,10,10,"['P23526.E371K', 'P59046.R12H', 'Q9BZZ2.R1257W']",3,[],0,[],0
SNV_COAD_Chunk_56_50.txt,COAD,56,50,SNV_COAD_Chunk_56_50.txt,7,,0,,0,,0,,0,"['Q9H598.G144D', 'Q9H4I2.P279S', 'Q9BTC0.R1938W']",3,http://elaspic.kimlab.org/result/ce42887b/,1,1,10,10,"['O15230.A109T', 'O15230.G1496D', 'O60762.A75V', 'P00813.I22M', 'P19174.A678V', 'P35558.E89K', 'Q8NI51.R470C']",7,[],0,[],0
SNV_COAD_Chunk_56_29.txt,COAD,56,29,SNV_COAD_Chunk_56_29.txt,2,,0,,0,,0,,0,"['Q8ND83.S525L', 'Q8TER5.L400P', 'Q9P2Y4.R647H', 'Q8NGC0.A254V', 'Q96IF1.G296R', 'Q9BSI4.S274P', 'Q13023.T1913N', 'P43699.L347P']",8,http://elaspic.kimlab.org/result/5aba6b0e/,1,1,10,10,['P06737.A374T'],1,['P28715.F123S'],1,[],0
SNV_COAD_Chunk_56_34.txt,COAD,56,34,SNV_COAD_Chunk_56_34.txt,5,,0,,0,,0,,0,"['Q13972.A788V', 'Q12802.S1688C', 'Q9H3U1.P11H', 'Q9UIG8.L418P', 'A2IDD5.E155K']",5,http://elaspic.kimlab.org/result/16bffb5b/,1,1,10,10,"['P08069.A1206T', 'P51798.A294V', 'P54098.E1144D']",3,['Q38SD2.P1482L'],1,[],0
SNV_COAD_Chunk_56_36.txt,COAD,56,36,SNV_COAD_Chunk_56_36.txt,5,,0,,0,,0,,0,"['P55017.R507C', 'Q14940.F227V', 'Q13425.Q305P', 'Q4G0P3.K4495R', 'Q15911.A3604T']",5,http://elaspic.kimlab.org/result/8f1f732d/,1,1,10,10,"['O43747.R795Q', 'P00505.N91K', 'P51828.G386R', 'P51828.G386R', 'P51828.G386R', 'P51828.G386R', 'P51828.G386R', 'P51828.G386R', 'Q6NT32.V56M', 'Q6PEW0.C205Y']",10,[],0,[],0
SNV_COAD_Chunk_56_52.txt,COAD,56,52,SNV_COAD_Chunk_56_52.txt,1,,0,,0,,0,,0,"['Q9BXF3.E968K', 'Q9BXK5.A331V', 'Q9UC06.S432L', 'Q6ICI0.E138K', 'Q9BY89.R299K', 'Q9UBB9.R806H', 'Q01844.D562N', 'Q13769.Y636C', 'Q13769.P183H']",9,http://elaspic.kimlab.org/result/d8af08af/,1,1,10,10,['P54198.Q120R'],1,[],0,[],0
SNV_COAD_Chunk_56_37.txt,COAD,56,37,SNV_COAD_Chunk_56_37.txt,2,,0,,0,,0,,0,"['P16885.Q254H', 'P55290.L12P', 'Q6UB99.T1229M', 'Q6UB99.Y1114C', 'Q8NET8.L711P', 'O43149.R2515W', 'Q8IVW8.R487C', 'Q8N4C8.D1199G']",8,http://elaspic.kimlab.org/result/7b5fada7/,1,1,10,10,"['Q4G176.P182Q', 'Q6ZMD2.A124G']",2,[],0,[],0
SNV_COAD_Chunk_56_40.txt,COAD,56,40,SNV_COAD_Chunk_56_40.txt,7,,0,,0,,0,,0,"['Q9BYQ8.Q61R', 'Q8NFT6.A59V', 'Q96MH2.R36H']",3,http://elaspic.kimlab.org/result/25b1a343/,1,1,10,10,"['P05106.R119Q', 'P08514.R1026W', 'P53396.M985T', 'Q9HB40.A25T', 'Q9UKL6.D177Y', 'Q14332.V404I']",6,[],0,[],0
SNV_COAD_Chunk_56_43.txt,COAD,56,43,SNV_COAD_Chunk_56_43.txt,6,,0,,0,,0,,0,"['O95948.H184Q', 'Q9HCE3.A272T', 'Q8TDF5.P499L', 'Q99439.T237A']",4,http://elaspic.kimlab.org/result/03dcf5e9/,1,1,10,10,"['Q8IZY2.A878T', 'Q9C0B9.Q1099H', 'Q9C0G0.K1540N', 'Q9UJ96.P400L', 'Q96KP4.G72D', 'Q13485.R361H', 'Q13485.R361H', 'Q13485.R361H', 'Q13485.R361H']",9,[],0,[],0
SNV_COAD_Chunk_56_44.txt,COAD,56,44,SNV_COAD_Chunk_56_44.txt,6,,0,,0,,0,,0,"['P15923.G376S', 'O60423.V137A', 'Q7Z410.R503W', 'Q9BV35.E174K']",4,http://elaspic.kimlab.org/result/b8c36108/,1,1,10,10,"['O95977.A296V', 'P06734.R263Q', 'Q9UM11.R240W', 'Q96T88.R207P', 'Q969V3.R403W', 'Q13332.A429T', 'Q13332.A429T']",7,[],0,[],0
SNV_COAD_Chunk_56_45.txt,COAD,56,45,SNV_COAD_Chunk_56_45.txt,4,,0,,0,,0,,0,"['Q12906.V608I', 'P19235.R437H', 'O60885.R1121H', 'O60885.V816I', 'O43823.S171N', 'Q9NZ43.T217M']",6,http://elaspic.kimlab.org/result/241e91ce/,1,1,10,10,"['O75792.L106F', 'O75792.L106F', 'Q9HBI6.R108W', 'Q32M78.G565W', 'Q96JL9.A23T']",5,[],0,[],0
SNV_COAD_Chunk_56_46.txt,COAD,56,46,SNV_COAD_Chunk_56_46.txt,5,,0,,0,,0,,0,"['Q92900.L1083I', 'Q9BRR8.R922W', 'P05981.A38P', 'P21817.F2517L', 'P21817.V4670I']",5,http://elaspic.kimlab.org/result/87bde443/,1,1,10,10,"['A6NLU5.R52W', 'P17039.K575N', 'P21817.E456K', 'Q9BTN0.A148T', 'Q9UMN6.R1597Q']",5,[],0,[],0
SNV_COAD_Chunk_56_47.txt,COAD,56,47,SNV_COAD_Chunk_56_47.txt,4,,0,,0,,0,,0,"['Q9H254.A892V', 'Q6ZN55.R598C', 'Q96RK0.V1053M', 'Q9UJU3.F452I', 'Q96L34.R566C', 'Q92797.Q731R']",6,http://elaspic.kimlab.org/result/90201c22/,1,1,10,10,"['P12694.A418T', 'P12694.R387H', 'P18074.A218V', 'P22087.L149M']",4,[],0,[],0
SNV_COAD_Chunk_56_56.txt,COAD,56,56,SNV_COAD_Chunk_56_56.txt,1,,0,,0,,0,,0,"['Q8WVV4.R339W', 'Q13156.G21D', 'Q8N693.R48W', 'Q7Z2Y5.G1549S', 'O14654.L1000I', 'Q9UL62.R791W', 'P28335.E425K', 'Q8NI27.I794T', 'Q9NXZ1.A468E']",9,http://elaspic.kimlab.org/result/7f9c5270/,1,1,10,10,['Q9ULW6.D316E'],1,[],0,[],0
SNV_COAD_Chunk_56_5.txt,COAD,56,5,SNV_COAD_Chunk_56_5.txt,2,,0,,0,,0,,0,"['O15417.S80L', 'Q9BYI3.R299M', 'P49639.A112T', 'Q9UMR3.E83D', 'Q92556.T618M', 'P08476.A12T', 'Q8IVD9.D348N', 'Q8WXX7.Q349H']",8,http://elaspic.kimlab.org/result/f7813b48/,1,1,10,10,"['Q2UY09.G933W', 'Q08828.A902T', 'Q08828.A902T']",3,[],0,[],0
SNV_COAD_Chunk_56_51.txt,COAD,56,51,SNV_COAD_Chunk_56_51.txt,6,,0,,0,,0,,0,"['Q9BTC0.A229V', 'Q86UZ6.S293T', 'O94906.A547T', 'Q01196.E289K']",4,http://elaspic.kimlab.org/result/789a5db2/,1,1,10,10,"['O60469.T439M', 'P48723.V85I', 'Q9Y5Z0.R372H', 'Q96NY7.A569T', 'Q96SF2.Q390K', 'Q13795.D153N']",6,[],0,[],0
SNV_COAD_Chunk_56_53.txt,COAD,56,53,SNV_COAD_Chunk_56_53.txt,5,,0,,0,,0,,0,"['Q96FE7.A183V', 'O75140.A751V', 'P35579.L1849P', 'P35579.A1305V', 'Q9NS69.A65T']",5,http://elaspic.kimlab.org/result/1e4c66ef/,1,1,10,10,"['O75600.Y292H', 'P12956.A280S', 'P46060.P98Q', 'Q969R5.Y589S', 'Q15750.R104C']",5,[],0,[],0
SNV_COAD_Chunk_56_54.txt,COAD,56,54,SNV_COAD_Chunk_56_54.txt,4,,0,,0,,0,,0,"['Q12772.R210Q', 'P85299.P17L', 'Q9NR99.F723L', 'Q13796.R358H', 'Q9ULE0.R557K', 'Q6T4R5.T1115M']",6,http://elaspic.kimlab.org/result/d9bee60f/,1,1,10,10,"['O95671.E589K', 'Q16576.A270V']",2,[],0,[],0
SNV_COAD_Chunk_56_55.txt,COAD,56,55,SNV_COAD_Chunk_56_55.txt,3,,0,,0,,0,,0,"['Q99909.A15V', 'Q96HB5.R354C', 'O60831.R143C', 'Q86X51.A263V', 'Q7Z6Z7.R3444C', 'Q6E213.F149L', 'Q96QF7.A115V']",7,http://elaspic.kimlab.org/result/730502f8/,1,1,10,10,"['O00571.K208N', 'P10398.G459R', 'P10398.G459R', 'P10398.G459R', 'P10398.G459R', 'P10398.G459R', 'Q9GZU5.R313H']",7,[],0,[],0
SNV_COAD_Chunk_56_57.txt,COAD,56,57,SNV_COAD_Chunk_56_57.txt,5,,0,,0,,0,,0,"['Q8IV76.H448Y', 'O60832.R19W', 'P48357.V430I', 'Q8WUH2.R24H', 'P19827.V669M']",5,http://elaspic.kimlab.org/result/1f8163f0/,1,1,10,10,"['O60315.E257V', 'Q6ZT98.R152W', 'Q8N3C7.R355Q', 'Q96P66.P479L', 'Q16720.P913L']",5,[],0,[],0
SNV_COAD_Chunk_56_58.txt,COAD,56,58,SNV_COAD_Chunk_56_58.txt,4,,0,,0,,0,,0,"['Q9BS91.S153P', 'Q7Z3E1.L69R', 'Q8N8F6.L273I', 'P19838.F313L', 'Q7LBC6.R1517Q', 'Q9Y5I0.L776P']",6,http://elaspic.kimlab.org/result/595e0e53/,1,1,10,10,"['Q8IVF5.S573I', 'Q8WU76.K518I', 'Q9Y5E1.A501T']",3,[],0,[],0
SNV_COAD_Chunk_56_59.txt,COAD,56,59,SNV_COAD_Chunk_56_59.txt,4,,0,,0,,0,,0,"['P10071.C614F', 'Q8N1I0.R149Q', 'A2RUS2.A893V', 'Q9HCF6.R1252W', 'Q8N9H8.R662C', 'P09913.L301V']",6,http://elaspic.kimlab.org/result/9dd2b307/,1,1,10,10,"['O60494.T2834M', 'Q7Z407.E3009K', 'Q9ULD0.R958H', 'Q9ULK0.P286L']",4,[],0,[],0
SNV_COAD_Chunk_56_6.txt,COAD,56,6,SNV_COAD_Chunk_56_6.txt,4,,0,,0,,0,,0,"['Q6IS24.E433K', 'Q9GZY6.R30C', 'Q9Y258.L12M', 'A4D1B5.R793Q', 'Q9Y6V0.R1756L', 'Q9Y6V0.P296T']",6,http://elaspic.kimlab.org/result/32626277/,1,1,10,10,"['O00175.Q71H', 'P14598.S36L', 'Q14314.S368Y', 'Q14832.R371C']",4,[],0,[],0
SNV_COAD_Chunk_56_60.txt,COAD,56,60,SNV_COAD_Chunk_56_60.txt,5,,0,,0,,0,,0,"['Q8NH53.T42A', 'Q14432.L356I', 'Q8WUI4.R151H', 'Q99593.Q416K', 'P0CG20.A533T']",5,http://elaspic.kimlab.org/result/b26e8f2d/,1,1,10,10,"['O14917.R173H', 'P41231.R177C', 'P55160.R1090H', 'Q9NYL4.T79S', 'Q14185.V1426L']",5,[],0,[],0
SNV_COAD_Chunk_56_63.txt,COAD,56,63,SNV_COAD_Chunk_56_63.txt,4,,0,,0,,0,,0,"['Q6ZRF8.T535M', 'Q8NBI3.E270K', 'Q5JXC2.D78N', 'O60811.R334H', 'B1AJZ9.R1355H', 'Q8IWE5.A211V']",6,http://elaspic.kimlab.org/result/d50b75b8/,1,1,10,10,"['O00154.R364W', 'O75911.R111W', 'Q6PXP3.A65T', 'Q674X7.A653V']",4,[],0,[],0
SNV_COAD_Chunk_56_64.txt,COAD,56,64,SNV_COAD_Chunk_56_64.txt,3,,0,,0,,0,,0,"['Q8WUP2.S11L', 'Q96AQ9.D70N', 'Q6P3S6.T448M', 'Q5T4S7.P852S', 'Q6ZP29.T228M', 'P98160.V1950M', 'Q86V48.K107E']",7,http://elaspic.kimlab.org/result/0aed53d4/,1,1,10,10,"['O60341.A513V', 'P29323.R392H', 'P30038.V490A']",3,[],0,[],0
SNV_COAD_Chunk_56_65.txt,COAD,56,65,SNV_COAD_Chunk_56_65.txt,5,,0,,0,,0,,0,"['Q8IYB3.R587H', 'Q8IYB3.S683L', 'P19634.G702S', 'Q5TGY3.R865Q', 'Q92485.R354C']",5,http://elaspic.kimlab.org/result/b423fac5/,1,1,10,10,"['O75636.S224G', 'P18754.R217Q', 'P18754.R217Q', 'Q5VTT5.P805L', 'Q8IYJ3.E379A', 'Q9UKA8.E109K']",6,[],0,[],0
SNV_COAD_Chunk_56_66.txt,COAD,56,66,SNV_COAD_Chunk_56_66.txt,4,,0,,0,,0,,0,"['Q92729.R860Q', 'O75056.T221M', 'O60241.P1427L', 'O95789.R1016H', 'Q8N2I9.R3Q', 'Q9UPN3.P346H']",6,http://elaspic.kimlab.org/result/28e4d6ba/,1,1,10,10,"['Q7Z408.T188M', 'Q9H7C4.L398P', 'Q99062.G72R']",3,[],0,[],0
SNV_COAD_Chunk_56_67.txt,COAD,56,67,SNV_COAD_Chunk_56_67.txt,7,,0,,0,,0,,0,"['Q5T1R4.H244R', 'Q96AQ2.G191D', 'Q6P0Q8.A1394V']",3,http://elaspic.kimlab.org/result/3e506254/,1,1,10,10,"['O75844.R412H', 'P12524.R291H', 'Q5VU57.R384C', 'Q8NA29.P291S', 'Q8NA29.R127C', 'Q8NFU0.A206T', 'Q02928.A446T']",7,[],0,[],0
SNV_COAD_Chunk_56_68.txt,COAD,56,68,SNV_COAD_Chunk_56_68.txt,4,,0,,0,,0,,0,"['Q7L4P6.R198C', 'Q5SRH9.R520H', 'P42566.A537S', 'Q5T0F9.T107M', 'Q9C0D3.D585E', 'Q9HBW9.S414A']",6,http://elaspic.kimlab.org/result/c14f3c64/,1,1,10,10,"['P53611.P233L', 'Q5VVX9.P76L', 'Q9BZE1.V345M', 'Q92643.R54Q']",4,[],0,[],0
SNV_COAD_Chunk_56_69.txt,COAD,56,69,SNV_COAD_Chunk_56_69.txt,4,,0,,0,,0,,0,"['Q14CN2.T61M', 'P78363.A2147T', 'Q7Z2D5.R297W', 'Q9NP74.R28C', 'Q6ZNA5.V521I', 'Q86WK6.R439W']",6,http://elaspic.kimlab.org/result/0d6a7197/,1,1,10,10,"['O00622.F298L', 'Q6ZNA5.V155M', 'Q7LGA3.P219L', 'Q9GZN0.R113H']",4,[],0,[],0
SNV_COAD_Chunk_56_7.txt,COAD,56,7,SNV_COAD_Chunk_56_7.txt,6,,0,,0,,0,,0,"['Q9Y4A5.A1577T', 'Q13948.D459N', 'O15409.Q59H', 'Q2M2H8.G1440R']",4,http://elaspic.kimlab.org/result/6b52cd87/,1,1,10,10,"['O00189.P293L', 'P08183.C431Y', 'P15056.V600E', 'P15056.V600E', 'P15056.V600E', 'P15056.V600E', 'Q8WXK1.T212A', 'Q12774.V1551M', 'Q12774.V1551M', 'Q12774.V1551M', 'Q12774.V1551M']",11,[],0,['Q8WVZ7.A40T'],1
SNV_COAD_Chunk_56_70.txt,COAD,56,70,SNV_COAD_Chunk_56_70.txt,8,,0,,0,,0,,0,"['O43504.R34H', 'Q8NEQ5.A99S']",2,http://elaspic.kimlab.org/result/5a9e57ea/,1,1,10,10,"['O43865.R214H', 'P01111.R164C', 'P21266.A199T', 'P24539.R208C', 'P33765.R111W', 'P52907.A53T', 'Q9UPN9.G896R', 'Q12889.Q72H']",8,[],0,[],0
SNV_COAD_Chunk_56_71.txt,COAD,56,71,SNV_COAD_Chunk_56_71.txt,4,,0,,0,,0,,0,"['Q9H8W5.R502H', 'P14060.A339V', 'Q7L0J3.V633M', 'Q5VT52.P1075T', 'Q96S90.R213W', 'Q15906.R282W']",6,http://elaspic.kimlab.org/result/6103f51e/,1,1,10,10,"['Q7Z7D3.R116W', 'Q9UGM6.D75G', 'Q9Y6X2.R143W', 'Q04721.D535E']",4,[],0,[],0
SNV_COAD_Chunk_56_72.txt,COAD,56,72,SNV_COAD_Chunk_56_72.txt,3,,0,,0,,0,,0,"['Q8N1G0.N341D', 'Q8N1G0.R421C', 'Q9Y2W6.D260N', 'P20930.R711H', 'P20930.R366H', 'Q5TA82.R79H', 'P35326.P35S']",7,http://elaspic.kimlab.org/result/81cdb81d/,1,1,10,10,"['Q5SZQ8.R450C', 'Q6UY18.R71C', 'Q96FQ6.G85S']",3,[],0,[],0
SNV_COAD_Chunk_56_73.txt,COAD,56,73,SNV_COAD_Chunk_56_73.txt,3,,0,,0,,0,,0,"['O75064.R784W', 'P06753.R239H', 'Q14157.T699M', 'P08887.D281N', 'Q9NR48.R777C', 'Q9NR48.K707E', 'Q3T8J9.R1869Q']",7,http://elaspic.kimlab.org/result/68aa90ab/,1,1,10,10,"['P16066.A871T', 'Q9H3S1.R264W', 'Q15126.G98D']",3,[],0,[],0
SNV_COAD_Chunk_56_74.txt,COAD,56,74,SNV_COAD_Chunk_56_74.txt,4,,0,,0,,0,,0,"['Q14814.I273T', 'P41162.P462H', 'P02549.L578P', 'Q8NGW6.V251A', 'P37802.R182C', 'Q969P0.R418W']",6,http://elaspic.kimlab.org/result/94d1880b/,1,1,10,10,"['P49368.V523I', 'P49368.V523I', 'Q5VU13.G155D', 'Q9H310.T319A', 'Q96PJ5.C310Y']",5,[],0,[],0
SNV_COAD_Chunk_56_75.txt,COAD,56,75,SNV_COAD_Chunk_56_75.txt,3,,0,,0,,0,,0,"['Q13291.R28C', 'Q9BZW8.V165M', 'O75052.Q347P', 'Q9BZD4.E375D', 'Q5VZP5.G370S', 'Q99972.A447V', 'Q92752.G268R']",7,http://elaspic.kimlab.org/result/cd0db2cf/,1,1,10,10,"['P31513.K516R', 'Q02575.T104M', 'Q92542.R323H']",3,[],0,[],0
SNV_COAD_Chunk_56_76.txt,COAD,56,76,SNV_COAD_Chunk_56_76.txt,3,,0,,0,,0,,0,"['Q9UJF2.R917Q', 'Q9H497.R294Q', 'Q15878.G1778S', 'A5PLK6.K323T', 'P11047.V549M', 'Q92540.P665L', 'Q9BZQ6.A617V']",7,http://elaspic.kimlab.org/result/9b79d6b0/,1,1,10,10,"['P15104.R299C', 'Q9BXP8.R693W', 'Q9NZL6.T83A', 'Q9NZL6.T83A']",4,[],0,[],0
SNV_COAD_Chunk_56_77.txt,COAD,56,77,SNV_COAD_Chunk_56_77.txt,1,,0,,0,,0,,0,"['Q96RW7.A284T', 'Q96RW7.R5604H', 'P12270.R724C', 'Q5SWX8.V341I', 'Q8IZT6.R1437C', 'Q3KP66.P27H', 'O75037.R1189W', 'O75037.V1004M', 'Q13698.M1750V']",9,http://elaspic.kimlab.org/result/d5afd79f/,1,1,10,10,['Q96RW7.A5160T'],1,[],0,[],0
SNV_COAD_Chunk_56_78.txt,COAD,56,78,SNV_COAD_Chunk_56_78.txt,4,,0,,0,,0,,0,"['P45379.R102L', 'Q96P70.A940V', 'P29536.R227H', 'Q9UGL1.V1260M', 'Q8IWV1.A278V', 'O75325.A647V']",6,http://elaspic.kimlab.org/result/b8439d52/,1,1,10,10,"['O00750.C429Y', 'O60883.V377I', 'P62304.R42W', 'P62304.R42W']",4,[],0,[],0
SNV_COAD_Chunk_56_79.txt,COAD,56,79,SNV_COAD_Chunk_56_79.txt,4,,0,,0,,0,,0,"['Q6P7N7.A46V', 'O75069.R92H', 'Q5VVQ6.A77T', 'Q9NUC0.R127Q', 'O95259.A470T', 'Q96S38.V166A']",6,http://elaspic.kimlab.org/result/e7b7515e/,1,1,10,10,"['O00463.R251C', 'O75051.T1298M', 'P47901.R29W', 'Q15172.M273T']",4,[],0,[],0
SNV_COAD_Chunk_56_8.txt,COAD,56,8,SNV_COAD_Chunk_56_8.txt,4,,0,,0,,0,,0,"['Q6NUN9.E293D', 'Q8NHE4.R77H', 'Q96LL4.R135C', 'Q86V87.S627L', 'Q92561.G202D', 'P07196.E233K']",6,http://elaspic.kimlab.org/result/c6343151/,1,0,10,10,,0,,0,,0
